"text","likesCount","profileName","commentsCount"
"https://ekantipur.com/news/2024/05/24/criticism-by-international-organizations-related-to-the-press-for-the-arrest-of-kantipur-president-demand-for-release-20-08.html","7","eKantipur","14"
"कान्तिपूरको रोईलो हेर्दा सिरोहिया माथि लागेका सबै आरोपहरु  पुष्टि हुनेवाला छन। 
  मिसन पत्रकारिताका Funding partners, पहिला blackmailing र पैसामा न्युज लुकाएका पार्टी नेता र उच्च ओहोदाका पूर्व कर्मचारीलाई जवरजस्ती ऐक्यवद्वता राख्न लगाउदै मिडीया आतंक गरि सिरोहया माथि छानविन प्रभावित पार्न लागि परेको छ।","20","Dipak Basnet",
"प्रेस माफिया विरुद्ध एकजुट हुनुपर्छ ।","36","Narayan Khatri","1"
"कान्तिपुर मिडिया मुर्दावाद ।
जथाभावी समाचार लेख्ने सबै मिडिया ग्रुप लाई जेल कोच सरकार । जनता साथमा छन्","17","नारायण न्यौपाने निर्दोष",
"बाउ लाई छुटाउन छोराहरु को रुवाइ 😃😃","11","Bimal Pokhrel",
"यो देशका नेता, अदालत ,मिडीया र अरु संघसंस्थाहरु एउटा विदेशी दलालको गुलाम भएको पुष्टि हुनु यो देशको लागि अत्यन्तै दुखद र दुर्भाग्यपूर्ण छ। नेपालीहरुको बुद्धि के छ भने प्रष्ट भयो। This country deserves to be worst as it is now.","27","Pragnya Raut",
"कैलाश सिरोहिया अपराधी हो। हदै सम्मको कारवाही हुनुपर्छ।
नागरिकता किर्ते गरि दुरुपयोग गरेको मुद्दामा नेपालको प्रेस स्वतन्त्रता जोडिँदैन।","36","Yubaraj Sharma",
"सिरोहिया हाम्रो देशलाई चाहिँदैन उतै लगेर पाले हुन्छ भन्दिनु यी बाहिरी संस्थाहरुलाई ।","66","Pushpa Sanjel",
"अनि सिधा कुराको कडेल को वारेमा चै प्रेस स्वतन्त्रता को हनन् भएन र","2","Raju Pokharel",
"हेक्का रहोस ! किर्ते नागरिकता राज्य विरुद्वकाे अपराध हो। यसलाई प्रेस स्वतन्त्रता र लोकतन्त्रसंग जोड्न मिल्दैन !!  किर्ते नागरिकताबाट के कस्ता कार्य भए सबै छानबिन गरेर यस्लाइ कसुर बमोजिम जेल चलान गरियोस।","13","Udhav Thapa",
"नागरिकता किर्ते जस्तो संवेदनशील मुद्दामा अदालतले पक्राउ पुर्जी दिएपछि गृहमन्त्रालयले फुलमालाले स्वागत गर्नुपर्ने...? सिरोहिया हाम्रो देशलाई चाहिँदैन उतै लगेर पाले हुन्छ बाहिरी संस्थाहरु।","13","Deepak Lamichhane",
"स्वतन्त्र न्यायालयको पक्षमा हौं भन्नेले नै सिरोहिया अदालतको अनुमतिमा पक्राउ परेका हुन् भन्ने तथ्य लुकाएर भ्रम छरिरहेका छन् ।

सञ्चारमाध्यमले पत्रकारिताको दुरुपयोग कुन हदसम्म गर्छन्, आफूलाई फाइदा हुनेमात्र सूचना कसरी प्रवाह गर्छन् र अघोषित ‘सिन्डिकेट’ कसरी खडा गर्छन् भन्ने तथ्य कैलाश पक्राउ प्रकरणमा फेरि छताछुल्ल भएको छ 

किर्ते नागरिकता र प्रेस स्वतन्त्रता बीच गोरु बेचेको साइनो पनि छैन: कान्तिपुरका दासहरु रुनु हास्यास्पद !!","16","Copy Paste",
"अब धेरै खोकी राख्न जरूरी छैन भ्रान्तिपुर,सबैले तिम्रो नियति था’ पाईसके। यो अरु केही हैन आँफैले खनेको खाल्टोमा आँफै जाकिएको हो र जाकीनु पनी पर्छ।","11","Go Cool Dhungel",
"समाचार प्रशारण गरेकै भरमा हिजो सिधा कुराको The Dark File लाई बन्द गराउदै गर्दा, सिधा कुरा टिमलाई मुद्दा भिडाएर  अदालतको इजलासमा पानी समेत पिउन नदिइ घण्टौ उभ्याएर प्रश्न माथी प्रश्न थुपारिरहदा तिमीहरुको यो औंला उठेको थिएन । तर आज एउटा मिडियाको मालिक जो पत्रकार होइन, उस्को नागरिकता बिबाद आयो , उजुरी पर्यो, उस्ले अदालतमा मलाई धरपकड नगर्नु भन्दै रिट हाल्यो, अदालतले उस्को नागरिकताको विषय अध्ययन गर्यो र अपराध गरेको आशङ्का  गर्दै थप अनुसन्धान गर्नु परेकोले पक्राउ पुर्जी जारी गर्यो। अनि यस्तो संबेदनसिल र  अपराधिक कुरालाई तोडमोड गर्दै प्रेस स्वतन्त्रताको हवाला दिएर निर्लज्ज रुपमा यसरी चोर औला उठाइन्छ भने यो औला भाच्न लायक छ  !","12","Dipendra Pokhrel",
"हैन के अचम्म???पत्रकार ले जे अपराध गर्न पनि मिल्ने???पत्रकार ले मान्छे मारेर समात्यो भने पनि प्रेस स्वातन्त्र नै हनन हुने??कस्तो अचम्म को पत्रकार पेशा,जुन अपराध गर्न पनि छुट हुने😁😀नागारिक्ता कृते गरेर समातेको छ ,पत्रीका सङग जोडेर प्रेस स्वातन्त्र हनन भो भनेको छ,!कस्तो शक्तिशाली पेशा हो पत्रकार जुन अपराध गर्न पनि  छुट हुने??","7","Arjun Sampang",
"कम्मेन्ट हेर्दा ९९% नेपाली जनता यो कान्तिपुर को विरुद्ध छन","9","Jagadish Lamichhane",
"हिजो News 24 भित्र छिरेर प्रहरीले  रबिलाई पक्राउ गर्‍यो, अस्ति सीधाकुरालाई अनुसन्धान नै नगरी भिडियो हटाउन लगाएर स्पस्टिकरण दिदा  स्वतन्त्र  प्रेस माथिको हस्तक्षेप थिएन,आज कैलाश सिरोहियालाई कान्तिपुर भित्र छिरेर प्रहरीले  पक्राउ गर्यो यो चाहिँ प्रेस स्वतन्त्रता माथि हस्तक्षेप भयो? थुक्क मेरो देश कैलाश सिरोहिया का भाडाका टट्टु हरु अलिकती लाज श्रम छैन तिमी हरु लाइ","6","दिनेश मुस्कान",
"अहिलेकाे दुनिया पावर काे प्रयाेग गर्ने दुनिया हाे ,कान्तिपुर काे हकमा पनि उसले हदै पावर प्रयाेग गरेकाे छ ।अवैधानिक हर्कतलाई स्वतन्त्र प्रेस संग जाेडेर छुटकारा पाउने आकाक्षा /मनाेकाक्षा राख्नु सरासर गलत छ ।तत्थ्य , प्रमाण पेश गरेर उन्मुक्ति/सफाई लिने बाटाे हुदाहुदै न्यायलय सम्म पुगेकाे बिषयमा अतिरञ्जना फैलाउनु सरासर गलत हाे ।","2","Raju Bhandari",
"देशको घातक धमिरा कान्तिपुर","10","Suman Kumar Shrestha",
"कान्तीपुरले लेखेका समाचारका मुनी सर्वसाधारण जनताको कमेन्ट र असन्तुष्टीलाई पनि समाचार बनाउने हिम्मत गरोस् । भ्रम पैदा गरेर आम्मारतीमा रमाउन छाडोस् । नागरिकताको विषयलाई उजागर गरोस् । हिजो अरुका साना कमजोरीमा फरमान जारी गर्ने कान्तीपुर आज आफ्ना मालिको बचाउमा नांगेझार बनेको सुहाएन ।","0","Puspa Khatiwada",
"3 करोड जनता को साथ पाको छ यो केशमा प्रचण्ड र रबिले तेरो रुवाइ हामिलाइ थाहा छ दलाल","3","Raj Jung Basnet",
"कान्तिपुर को सबै काण्ड पर्दाफास हुन्छ। रोइलो गर्दै हेर्दै जा बेबकुफ।
 देश अब कान्तिपुर को सञ्जाल बाट मुक्त हुनेछ।","0","Binod Bikram",
"नागरिकता किर्ते दलाल देसद्रोहिलाइ छानबिन हुनै नहुने रच हैन त 🤔🤔","4","Durga Nyoupane",
"कैलाश सिरोहिया पत्रकार पनि हैनन् , मात्रै एक सञ्चार उद्योगी कान्तिपुर मिडिया ग्रुपका अध्यक्ष हुन् । र पत्रकार नै भए नि किर्ते नागरिकता लिने कसैलाई छुट छैन । यदि आफ्नो मालिकको बचाउमा यसरी पोष्टनै गर्छ भने कैलाश सिरोहियाक‍ो अन्तिम टुंगो नलागुन्जेल कान्तिपुर मिडिया हाउस बन्द हुनुपर्छ यदि विधिको शासन कायम छ भने ।","5","Shree Bishu Bhandari",
"मोदिलाइ पनि बिज्ञप्ति जारी गर्न लगाउ नभए आफै मोदिको प्रतिनिधि भएर उनको तर्फबाट निकाल ।","5","Bhuminanda Dhungana",
"एउटा मिडिया हाउसको संचालक किर्ते कसुरमा पक्राउ पर्दा ""पख देखाइदिन्छु"" भनेर राज्यलाई ठाडो चुनौती र धम्की दिन्छ ।  नेताहरूले उसलाई समर्थन गर्दै संसद देखी सडक सम्म विरोधाभासपूर्ण अभिव्यक्ति दिन्छन । यसैबाट नेपालको राज्यव्यवस्था र राजनीति कुन धरातलमा छ भन्ने कुरा स्पष्ट हुन्छ !!","1","Khadka Kabin",
"सिरोहियालाई हरेक घन्टा एक भाटा चै चढाउनु","2","Netra Chaulagai",
"हार्दिक श्रदाञ्जलि १२ भाइ पुतिकार  मिडिया लाई","5","श्रि नारायण प्र. तिमिल्सेना","1"
"कान्तिपुर मिडिया देश दोही हो। भ्रमण समचार नलेख्न मेरो आग्रह छ।","0","Gopal Khadka Khadka",
"नागरिकता र पत्रकारिता एऊटै हैन कान्तिपुर ॥॥ जेल कोच्नु पर्छ है","10","Dev Sapkota","1"
"यो कान्तिपुर लाई नेपाली जनता मिलेर ठोक","9","Shuvashree Lungeli Jhamke",
"कान्तिपुर मिडियालाइ रोक लगाइयोस सरकार 🙏","4","अधिकारी तोष राजा",
"तिमिहरुको मालिकलाइ जेल जानु पर्छ","5","बेदुराम उपाध्याय",
"कम्तिमा पनि १० बर्स जेल हाल्नुपर्छ","4","Ram Hari Pandey","1"
"कति बौलाएको यो कान्तिपुर भन्ने प्राडी !!!🤭🤭🤭","1","Sajan Chudal",
"सिरोहियालाई पक्राउ गरेर मात्र हुदैन !! कान्तिपुर बन्द गर्नपर्छ !!!","3","Krishna Bhattarai",
"उनि निर्दोष छन् छोड्नुपर्छ भनेर कान्तिपुरले अहिले सम्म कुनै प्रमाण सहित लेखेको छैन तर खालि कतिबेला कलकार नेता  संघ सस्था अन्तराष्ट्रिय संस्थाहरूले रिहाईको माग गरे रे ! 
उनिमाथि जे आरोप लागेको छ त्यो खण्डन गर सक्छस भने हैन भने साहानुभुतिका आधारमा गलत गरेकोलाई छोड्ने कुरा नगर ! 
कारण प्रष्ट पार कान्तिपुर सिरोहियाको वंसज नागरिकता कसरी बन्छ कसरी बन्न मिल्छ ? 
नागरिकता नं. एउटै कसरी हुन्छ ! 15 बर्षमा नागरिकता कसले पाउछ ?","3","Madan Poudel Mdn",
"तेरि चोरहरु के को स्वतन्त्रको गर्छ ये माहाठग तेरो मालिकले कु क्रुत्री ठग्दै जानी नेपाल सरकारले सहयोग गर्नु पनि होईन नालयक हो।","1","Xetry Awish",
"लुटेराहरूको रडाको 😁😁😁😁","1","Shanti Ram Dahal",
"कैलाश सिरोहिया को नागरिकता किर्ते सम्बन्धि नाली बेलि यहाँ छ र समाउन परेको कारण  सबै ले हेरौ एक चोटि 
part:1
https://youtu.be/x6H2dnU7VzM?si=E4Xdp845imuQaFbcकैलाश सिरोहिया को नागरिकता किर्ते सम्बन्धि नालिबेली र समाउनु परेको कारण यहाँ छ 
part :2
https://youtu.be/LNX7ardwYlY?si=hUXLEG6ltdRE_aRO","0","Sundar Neupane",
"सड़क छाप विश्लेषण ! अनुसंधान धमील्याउने काम नगर !
Tuada Kutta Tommy Sada Kutta Kutta?","0","Sushant Gautam",
"Swatantra oatrakarita ko byakhya gar pahila , timeru muluk lai vram ma rakhera desh ra janat ko vabisya birudh deahdroh tmra vrastachaar gardai media propaganda gardai hinne ani ajhai chor ko thuko swor , swatantra patrakarita padnu chha vani aauda hunchha ma padai diula","0","Aj Srma",
"Best example of jo chor usko thulo sor 😆🤣","0","Sujal Rayamajhi",
"Timeru swatantra vako vaye swatantra janta le saath dinthyo ni . Ho timi haru propagandist desh ghaati tatwa hau tyo janta le bujhi sake bujhdai chhan , aru bujhne chhan tyei vayera saath deko chhaina . Rabi lamichane le ani oarhari le khutta nakamai kana yineru deshghaati tatwa birudh jaai lagnu nai thik hunchha jati pelera gayo tyeti nai rneoal ko vabisya ko lagi ujwal ho . Herau k garda rahrchhan yi deah ghaati tatwa hru le ,janta urki aako din yineru ko reporters club hosh kj 12 vai ki saathai dhal kasaiko kei lagdaina .","0","Aj Srma",
"Yesta mafiyalai hadai sammako karbahi hos","0","Uddav Rashaili",
"प्रेश माफिया मुर्दाबाद ।
कान्तिपुर बहिस्कार गरौं ।","1","Nirmal Thapa",
"Naagarikataa ko kuro k raxa mahodaya???","0","Kc Umesh",
"सबै चोर सङगठन हुन,,के को रोइलो हो??","0","Beautiful Life",
"लखेट यो भतुवा धोती कान्तिपुर लाई देश बाट ।","2","Jack Toms",
"गोही को जस्तो आशु निकालेर भुकेको भुकै छ तिम्रो मालिक किन कसरी जेल पर्योको अझै थाहा नभएकाले के हावा पोस्ट गर्दा हुन् ।।","0","Hari Bhandari",
"• के को रिहाई ?
  २/३ थान नागरिकता बोक्ने लाई जेल कोच्नुपर्छ भन्ने हिम्मत छ eKantipur ?","4","Manish Airee",
"महोदय यस विषयमा प्रेस स्वतन्त्रता कसरी आयो ???","0","LokendRa Na",
"देसै निकाला गरे टन्ठै साप उतै गयर गरोस जे जे गर्छन ,देश द्रोही र जन्ता तर्साउने मिडिया ले ।।","1","दीर्घ सिम्तालि रावत",
"शक्ति प्रदर्शन !
राम्रो छ ।","3","Himal Adhikari",
"मिडिया सँग लेना देना होईन कुरो किर्तेको हो ।","2","Binod Bhusal",
"पत्रकार भनेपछि जुन अपराध गरे नि छुट हुनुपर्ने रहेछ","4","Prem Neupane",
"ए होर कान्तिपुर अध्यक्षलाई  कानुन लाग्दैन 2 वटा नागरिकता लिन छुट छ भनेर प्रकाशन गर्छा भयो त","2","Sujan Budhathoki",
"सबै जनताले बुझिसकेका छ्न कान्तिपुर कस्तो मिडिया हो भन्ने कुरा गाउँ का कुना कुना मा थाहा छ माफिया मिडिया हो भन्ने कुरा।","2","Giri Pun",
"सिरोहिया लाई Binita kharel को प्रश्न तपाई ले कुन आधारमा वंशज को नागरिकता पाउनु भयो.? 
तपाईंको बुवा इन्डियन,आमा इन्डियन,४ जना दिदीहरू पनि इन्डियन भाइहरू पनि इन्डियन अनि तपाई कुन आधारमा नेपाली.?? बाउ नेपाली र आमा इन्डियन हुन्थ्यो भन्ने त्यहाँ छुट्याउन सकिन्थ्यो तर यहाँ सबै प्रमाण गलत छ! 
१० रुपैयाँ को पत्रिका बेचेर कसरी अर्व पति भइन्छ.?🙃🤔
२०१९ सालमा जन्म 
२०३४ सालमा नेपाली नागरिकता 
के १५ वर्षको उमेरमा नागरिकता पाइन्छ.?
प्रतिशोध होइन  तपाई लगायत तपाईंको हरेक घरको सदस्यको नागरिकता खारेज गर्नुपर्छ, नेपाली अनागरिक बनाउनु पर्छ। तपाईंको कालो कर्तुत हरु धेरै छन्। तपाई देखि गिरिजा प्रसाद कोइराला र कृष्ण प्रसाद भट्टराई (किशुन) जी पनि परेशान थिए। र कुरा रहयो जनकपुर को! तपाईंलाई जनकपुर मा कसैले पनि चिन्दैन। किनकि तपाईं त्यहाँको बासिन्दा नै होइन। यदि जनकपुरमा  घर  छ भन्ने बाजे,बाउको सम्पति सार्वजनिक गर्नुस।
#cpd","0","Shambhu Sapkota",
"यसकाे फलाेअर्स घटाउनकाे लागि सबै ले अनफलाे गर्नुस् याे पनि एउटा बिराेध हाे।","0","Rajendra Bhatta",
"Indian नागरिक लाई उसकै देश पठाऊन पर्छ ,कैलाश सिरोहीया  मुर्दावाद","1","Decoz Gurung",
"यति धेरै पाेष्ट त मानसिक राेगीले पनि गर्दैन । जनता र जनताकाे नेता अनि पार्टीसँग लड्न सक्दैनौँ, कान्तिपुर र जनताको शाेषक पार्टी कांग्रेस","3","महेश सिंह","4"
"कान्तिपुर मिडिया मुर्दावाद","3","Tara Lamichhane",
"स्वतन्त्र प्रेसप्रतिको हनन् भएको कहाँ छ। एक जना किर्ते अभियो लागेको व्यक्तिलाई राज्यले कानुन अनुसार कार्रवाई गर्नु खोज्दा प्रेस हनन् कसरी हुन्छ?","0","RK LâFâ",
"सिदा सादा व्यक्ति र संस्थालाई समेत जबरजस्ती बोल्न लगाइएको छ यहाँ।","1","RB Sunar",
"कान्तिपुर मिडिया मुर्दावाद!!!!तेरो बाउ दोहोरो नागरिता सम्बन्धि कसुरमा पक्राउ परेको हो । घटनालाई जति डाइभर्ट गर्ने कोसिस गरेपनि दुनियाँलाई थाहा छ । जमाना पहिला जस्तो छैन उल्टोलाई सुल्टो सुल्टो उल्टो भनेर भ्रम छर्न असम्भव ....","2","Padam Saud Saud",
"नागरिकता कसुरमा पक्राउ भनेर कसले बुझाइदिने हो ई घास हरुलाई।अझ अन्तराष्ट्रिय दबाब भन्दै आफै लेख्न लागाएको छ।हावा","2","Santosh Raj Silwal",
"लाेकतन्त्र तब सफल हुन्छ जब त्यस मुलुककाे नागरिकमा चेतना हुन्छ, ईमान्दारिता हुन्छ, राजनितीक र अाध्यत्मिक चेत हुन्छ । बिस्तारै ग्लाेबलाईजेसनकाे प्रभावले नपालीमा चेतनाकाे वृद्वी भईरहेकाे छ । राज्य संयन्त्रमा अनाधिकृत रुपमा पहुँच राख्ने र गभरमेण्ट Key बन्ने हरु पतन तिर जान्छन् नै । त्यसकाे सुरुवात याे एउटा हाे ।","1","Aghyat Vikram",
"पागल गल्ती नगरेको मान्छे होस भन्ने एकै लडाइँमा लड के जाम दुनियाँ देखाको छ नागरिकता केके कता कता गरेको छ। तेरो बाउको देश हो। कानुनमा बसेर सहि ढङ्गले गरेको भए कुनै पावरले केही गर्न सक्दैन ।।। जति पनि कान्तिपुरमा काम गर्ने अरु साथीहरुलाई के भन्छु भने ! पोइस र आफ्नो मान संमान लिलाम गरेर यति पनि नगर्नुहोस् 🙏🙏 पैसा नै सबैथोक होइन 🙏🙏","0","Nabeen  Khapangi",
"कान्तिपुर मिडिया मुर्दावाद!!!!तेरो बाउ दोहोरो नागरिता सम्बन्धि कसुरमा पक्राउ परेको हो । घटनालाई जति डाइभर्ट गर्ने कोसिस गरेपनि दुनियाँलाई थाहा छ । जमाना पहिला जस्तो छैन उल्टोलाई सुल्टो सुल्टो उल्टो भनेर भ्रम छर्न असम्भव ....","2","बि.एन जङ्ग",
"ईजरायले गाजामा पत्रकार मार्दा यी दलाल हरु चुपचाप हुन्छन् याहा किर्ते गर्नेलाई संरक्षण गर्न बिज्ञप्ति निकाल्छन","3","Arjun Gautam",
"राष्ट्रघाति,दलाल ,चुतिया कान्तिपुर","1","डी.बि. एल.",
"किर्ते नागरिकता र प्रेस स्वतन्त्रता बिच गोरु बेचेको साइनो छैन। दलाल कान्तिपुरले आफ्नो कर्तुत लुकाउन प्रेस स्वतन्त्रताको सहारा लियर जनमानसमा भ्रम छरिरहेको छ। कालो काङ्ग्रेस र 12 भाईलाई सबैले बहिस्कार गरौं❌❌👠👠👠👠👠","1","Nithin Xetry",
"प्रेस र नागरिकताकाे साइनाे कहानेर छ  ? मैले बुझिन ।","1","Prem Gharti",
"यसरी back  to  back   गल्ती ढाकछोप गर्नु  सट्टा नागरिकता किर्ते बाट  सफाइ  पाउने आधार  सार्बजनिक  गर  सिरैया करिन्दा हरु ??","0","Kee Run Sunam",
"कस्ता कस्ता चोर रैछन है, रबि र सिरोहोया एउटा कारण होला त्यो बेग्लै हो सिरोहोयाको नागरिकताको केस हो भनेर बुझ पचाउने यि उल्लेखित संगठन घातक हुन । प्रेस माथीको हस्तक्षेप होईन किर्ते माथीको छानबिन हो ।","4","Dharma Raj Neupane",
"सबै अफगानिस्तान का मिडिया रहेछ 😀😀","1","Gagan Pahare Pun",
"मैले बुझ्न नसकेको कुरा सिरोहिया जी कुनै कुरा लेखेको भरमा पक्राउ परेका हुन र? लेखेको भरमा पक्राउ परे पो पेस स्वतन्त्रता को कुरा, नागरिता प्ररकणमा पक्राउ हुदा किन यत्रो रोइलो, के मिडिया हाउस सन्चालक र पत्रकार ले गल्ती नै गर्दैनन।।","2","Bhoj Singh Khadka",
"चोर कान्तिपुर ... कति भ्रम छर्न खोजेको छस","2","Longlife Lamsal",
"कान्तिपुर अध्यक्ष हैन के पक्रीएको 
पक्राउ परेको त नागरिकता किर्ते गर्ने कैलाश हो 
ए बुझाइदेउ न कसैले यस्लाई","5","Darpan Pokhrel","1"
"भारतिय बिदेस मन्त्रीले ले बोल्न बाकी छ अब ! किन कि वहा त भारतिय र अ को एजेन्त हो नि","0","Wild Heart",
"कुरै नबुझी।","2","Krishna Tiwari",
"Rip kantipur","0","Milan Tmg",
"जो चोर उसैको ठुलो स्वर #bycut_kantipur","2","बिपुल ढुङ्गाना",
"कति हाँसुम😂😂😂","1","Ds Dangi",
"अन्तरास्ट्रीय भन्नाले भारतसंग हारहुहार गरेको भन्ने बुझ्नुस ।।।","0","Gopi K. Baral",
"पत्रकार चै सबै चोखा गलत नगर्ने नै हुन्छन र भन्या तेसो भए पत्रकारले ज्यान मारे सजाय हुनुहुदैन भनेर बिज्ञप्ती निकाल्ने होला हैन त ब्लाकमेलर कान्तिपुर","3","Yubraj Luitel",
"अनि पत्रकारलाई तलब नदिदा खेरि तिमीहरु प्रेस कुकर कता थियो लुकेको","2","कुमार धामी","1"
"सिरोहिया जस्तो ब्लाकमेलर दलाललाई पक्राउमात्रै हैन ईन्काउन्टर गर्नुप्रने हो","2","GP Chalise",
"समर्थकहरू सबै बिकेका रहेछ्न्।बुझियो।अस्ति सिधाकुराको टिमलाई पर्दा चुक्क नबोल्ने!!आजभने  गुलामीको आवाज !!धत् पक्षपातीहरू!! नागरिकताको केस सानो हैन नि!!के पत्रिका बेण्ड गरेको छ र कुर्लिन्छौ?।अनुसन्धान गर्नु पर्छ।होस् चाँडो","1","Bidur Adhikari",
"Rip kantipur","0","Manish Singh Bhandari",
"हेर्नुहोस त यो देशको चौथो अङ्ग को हालत कुहिएर झर्ने बेला भइसकेछ यो चौथो अङ्ग को आफू त कुहिएछ कुहियेछ धेरै जना नैं संक्रमित भइसकेछन्। रवि दाई हामी तपाईंको साथ मा छौ यी कुहिएका अंग हरुलाई अप्रेशन गरेर शरीर बाट छुट्याउनु नैं पर्छ बाकी संक्रमित हरुको पनि राम्रो संग उपचार गर्नुहोस🙏🙏","0","𝐟 𝐞 𝐞 𝐥 𝐢 𝐧 𝐠 𝐬",
"प्रेस का नाममा भित्र अर्कै धनदा चलाऊने तस्कर हरुको मुटुले ठाऊ छोडे जस्तो छ।","0","Yadav Mainali",
"एउटा ब्यक्ति माथि दाेहाेराे नागरिकता लिएकाेमा  अनुसन्धान भैरहेको छ 
कहाबाट प्रेस माथि हस्तक्षेप भयाे?","0","Kamala Ko Kanchho Chhora",
"दलाल 👎️👎️","1","Dinesh Rasaili",
"मालिक बचाउन हलि लागेका लागै छ्न","2","Sagar Dahal",
"कान्तिपुर मिडिया बन्द गराउन पछं ।","1","Sagar Dhungana","1"
"कान्तिपुरका अध्यक्षलाई होईन कैलास सिरोहियालाई नागरिकता किर्ते गरेको र दुई वटा नागरिकता लिएको मुद्दामा छानबिन गर्न पक्रिएको हो  बिदेशी कसैलाई नागरिकता संबन्धि मुद्दामा बोल्ने अधिकार हुँदैन / छैन।अर्को कुरा ब्यबसायी पत्रकार होईनन् र रडाको गर्न जरुरत पनि छैन ।","0","Subhash Chandra Joshi",
"किर्ते नागरिकता संग के को प्रेस स्वतन्त्रता ।","0","Vuone Dhami",
"Rip","0","Ran Thapa",
"साले देशद्रोहि लाई जन्मकैद जेल हाल सरकार","2","Basanta Naulo Khadka",
"कान्तिपुरकाे मालिक मात्र हाे.अनुसन्धानमा तानिएकाे सबै प्रेस जगत हैन दास मिडिया ।","1","Jeevan Shrestha",
"चोर काम आफै गर्ने अनि अरुलाई दोष लागाउने कान्तिपुर  जस्तै अरु पत्रीका नपढ्ने बानी बसालौ","1","Dhiren Shrestha Dhiren Shrestha",
"नागरिकता कृते गरेको आरोपमा पक्राउ गरेको छ मालिकलाई अनि कसरी प्रेस स्वतन्त्रता हनन हुन्छ।","0","Nepal Cricket Fan Club",
"किर्ते नागरिकता हो, प्रेस स्वतन्त्रता होइन है।","1","Hari Prasad Subedi",
"कान्तीपुर लाई बहीस्कार गरौ।","1","Som Karki",
"Don’t show your portfolio 💼. You should also stick for right to right information. Hold the strength to expose true information. Where is the matter of citizenship Mr. Kantipur????","0","युदिप युदिप",
"रबिको नागरिकताको सामन्य त्रुटि हुदा अदालतले गृह देखि एकै चोटि अनागरिक बनाइदिएको नजिर हुदा हुँदै बाउको नागरिकता अंगिकृत , छोराको नागरिकता बंशज , 15 बर्समा नगरिकता, नागरिकताको ३ ओटा फरक फरक नम्बर यतिका प्रमाण हुदा हुदै कैलाश अनुसन्धानका लागि पक्राउ नै पर्न हुदैन भन्नू हास्यास्पद छ । काङ्ग्रेसका सांसदहरु दिनभरी संसदमा  रबि लाई ठग भनेर उफृदै देशलाई नै ठगेर फर्जी नागरिकता बोकेको आरोपमा अदालतले पक्राउ पुर्जी जारी गरेको आरोपितलाई खुल्लमखुल्ला भेट्न जानू र समर्थनमा बर्बराउनु यो जस्तो नाङ्गो नाच अरु कहाँ देख्न पाइन्छ ?","0","Rayan Maharjan",
"नेपाल बाट डाडा कटाउनु पर्छ यो यो भारतिय एजेन्ट मिडिया लाई अनि मात्र नेपाल र नेपाली को हित हुने छ","1","Bharat Khatri",
"घाम मा सुकाइदेउ","1","Man Chhetri",
"तेरो धोति खुस्किसक्यो 😅","1","जय माबोहाङ","1"
"जनतालाई निरक्षर सम्झिएको कान्तिपुरे , सिरोहियाको कर्तुत थाहा छ, के कुन निकायको आदेशले के कुन प्रक्रियाबाट प्रक्राउ भएको हो भन्ने सबै जानकारी जनतालाई भएपछि कान्तिपुर बज्नु र लेख्नुको कुनै तुक छैन।","1","Bee Knowd Pandey",
"तिनीहरूलाई सम्झाई देऊ न, प्रेस स्वत्त्रता र  किर्ते नागरिकता मुद्दा एउटै होइन भनेर","1","बुल बल्ल सुरु",
"प्रेस माफिया मुर्दाबाद","1","Keshav Paudel",
"कान्तिपुर मिडिया मुर्दावाद","1","Xettry Karan",
"Kaite haru padhna auxa vane pahile yo padhao ani tesh paxi halla garaula chor haru....

कैलास सिरोहियालाई कुनकुन आधारमा पक्राउ गरियो त ? 
१) निज कैलास सिरोहियाले धनुषाबाट ३९६९८८८६ नम्बरको नेपाली नागरिकता प्रमाणपत्र लिएको तर निजले नागरिकता लिनुपुर्व उक्त नम्बर शीवजी साहु तेलीको नाममा रहेको । 

२) जिल्ला प्रशासन धनुषाको चलानी नम्बर १३२१३, मिति २०८१।०१।२०को पत्रअनुसार प्राप्त जवाफमा ०३३।०३४ को बालिग रेकर्डमा बिदेशी बाबु आमाबाट नेपाल अधिराज्यमा जन्म भएका नागरिकको नागरिकताको दर्ता कितावमा नाम दर्ता रहेको देखिनुका साथै घासीराम मारवाडी सिरोहियाको सन्तानहरु गोपाल प्रसाद सिरोहिया,गोबिन्द प्रसाद सिरोहिया र पुनम कुमारी सिरोहियाको नागरिकता अंगिकृत नेपाली भएको र नाम प्रष्ट नभएको कैलास प्रसाद सिरोहियाको नागरिकता बंशज भएको देखिएको । 

३) निज कैलास सिरोहियाले वि.सं. २०५७।०६।२९ मा नागरिकताको प्रतिलिपि लिँदा जिप्रकाको धनुषाको रेकर्ड पुस्तिका ढड्डामा फोटो सहितको अभिलेख अधिकारप्राप्त अधिकारीको दस्तखत गरेको नपाइएको, जन्ममिति महलमा १८ वर्ष उमेर उल्लेख गरेको पाइएको उक्त रेकर्डमा जन्ममिति उल्लेख नगरेको । 

४) सोही ब्यहोराको निज ब्यत्तिले प्राप्त गरेको नागरिकताको प्रतिलिपिमा जन्म मितिको महलमा १८वर्ष र कोष्टमा जन्ममिति २०१९।०८।२९ समेत लेखेको पाइएको हुँदा जन्ममितिमा उल्लेखित अंकको आकृति उक्त प्रतिलिपिमा उल्लेख भएको उमेर र अन्य अंकहरुको आकृतिसँग मेल नखाएको तथा फरक देखिएकोले पछि कोष्टमा जन्ममिति थपि किर्ते गरेको देखिएको

५) निज कैलास सिरोहियाले प्रथम पटक प्राप्त गरेको नागरिकवताको प्रमाणपत्रको जारी मितिको महलमा २०३६।५।२५ जन्ममितिको महलमा १८ वर्ष उल्लेख गरेको पाइएको तर निजले २०५७।०६।२९ मा प्राप्त गरेको नागरिकताको पहिलो प्रतिलिपीमा जन्म मितिकोे महलमा १८वर्ष जन्ममिति २०१९।०८।२९ लेखेको पाइएकोले उमेर, जन्म मिति र नागरिकताको जारी मितिबीच उमेर हिसाव गर्दा १६ वर्ष८ महिना हुन आएकोले उल्लेखित १८ वर्ष उमेर मेल नखाएको ।

६) निज कैलास प्रसाद सिरोहियाले नागरिकता लिँदा पेश गरेको कागजातहरु अभिलेखमा फेला नपरेको । 

यी आधारमा पक्राउ गरेका हुन् कैलास सिरोहियाले नागरिकता लिँदा बंशजका आधारमा लिने चलन दिएन । नागरिकता ऐन कडा थियो । काँग्रेसलगायत बाबुराम र जतिपनि साउथ ब्लक, रअ( RAW)का एजेन्ण्ट छन् उनीहरुले यी विषयलाई विषयाान्तर गरेर राजनीतिक प्रतिशोध गरेको हो भन्नु भनेको रअले उनीहरुलाई जे निर्देशन दिएको छ त्यै गर्नु हो ।","0","Ashish Neupane",
"नेपाली  काे बाैदिकता   जाँदै छ कता  कठै बरा धेरै  भए टुहुरा","0","Harish Chandra Wagle",
"Rip kantipur","0","Dipendra Khatri",
"सिधा कुराको डार्क फाइललाइ अदालति हस्तक्षेपरुपि भालाले घोप्दा कहा थिए इ अन्तर्राष्ट्रिय माफियाहरु?","1","Sanjay Lama",
"मुद्दा नागरिता को छ न कि प्रेस को","1","Khurshid Ansari",
"Dhoti lai India tirA lakhatnu parxa yati nepali le India ma asto gareko vaya aja k halat garahute indian haru le kalpana garam ta?","0","Mohan Ghimire",
"कानुनको दज्जि उडाउनेलाई कानुन लाग्दैन हो ??? कान्तिपुर","1","Bikky Kunwar",
"Boycott kantipur go back","0","Rajesh Karki",
"म्याद थप गरिएको सूचना दे त.... कान्तिपुरे पत्रुकारहरू !! 
बुहारी नानिलाई आझै केहि दिन एउटा थाल कम माझ्नु पर्ने जानकारी गराउन चाहन्छु!! 🤣🤣
धन्यवाद!! 🙏🏼🙏🏼","1","Sujan Shrawan Phuyal",
"तेरो कुरा कसैले पत्याउदैनन अब","3","Rabindra Khadka",
"These so called journalists are completely clueless in regards to public opinion about them, shame !","0","Ghimire Bikash",
"एस्ता दुई पैसे प्रेस सस्था लाई मेरो माझी ओला😡😡","1","Kushal Timilsina","1"
"Kati rato piro bha ko ho kantipur sale .. tero malikle 2 ota naagrita rakheko cha ..... saale bhatmara patrkar🤛","1","Laxman Khatri",
"बिदेशी दलाल लाई देश निकाला गर्ने हो","1","सन्तोष सिंह ठकुरी",
"चोर कान्तिपुर मिदिया जेल मै कोच्नु पर्छ।","0","Jamesh Magar",
"मो सुजाव दिन आको.... Pls सबै ले boycott गरव कान्तिपुर💪","0","Rakesh Ra Yee",
"Bhaak mula kantipur","0","Rijan KC",
"फटाहा लाई जेल हाल्नु पर्छ","1","Prem Raj Joshi",
"Hoina tw raadabaan harulai thaxaina Tero malik faujdaari muddama pakdeko vanerw feri esma press swatantra ka bata aayo","0","Ashok Cerstha",
"ब्लाक्मेलर मिडिया मुर्दाबाद जिन्दगी भर जेल मा राख यस्लाइ सत्य लुकायर भ्रम को खेती गर्ने ???","1","पबित्रा अर्याल पौडेल",
"देश निकाला गर्नु पर्छ फटाहा","0","Arjun Dahal Purbeli",
"कान्तिपुर बहिस्कार","1","Shankar Dahal",
"ककसले रबि ले राम्रो गरेन भन्छ उसैकाे मात्रै समाचार छ याे कान्तिपुर मा आजभोलि अनि याे प्रेस स्वतन्त्रता रे","1","Kopil Timilsina",
"डार्क फायल खोल्दा कता गएका थिए यिनिहरु? लाज पचेका प्रेसवालाहरु थु 🤮","1","Ewraaz Kiran",
"Thaha xa timiharu thulai pahuch vayeka manxe hou.Lekhdeu vanesi uniharule lekhdinxan.","0","सचेत नागरिक-Conscious Citizens",
"Aru news xaina","1","Ram Hari Pandey",
"यहाँ प्रेस स्वतन्त्रताको नारालगाउनेहरु सबै बिकाउ प्रेस हुन आजको मुद्दा भनेको एउटा भारती नागरिकले बंशजको नागरिक कसरी बन्यो र एउटै ब्याक्ति सँग दुई वटा नागरिकता नम्बर कहाबाट आयो के गलत लाईमा ल्याउनु मा किन रुवाबाशी फालेको हड्डी खाएर कतिदिन बाच्छोउ रास्टघाती हो ?","0","Bachan Rai",
"Kailas siroya ko sampati jafat garera desh nikala garnu parcha","0","HA HA",
"झुट समाचार संप्रेसण गर्नेलाई पनि मुद्दा हाल्नपरो","1","Ra Zan",
"Kailash Sirehia is not a Nepali, he is a demon who kills the character of others and earns dollars by backmail, he is not a human being. His ancestral home is in Rajasthan (India). His father came to Nepal to do business, but according to the laws of Nepal, he also took the citizenship, but how did his son become a Nepali citizen...? Citizens of one country go to other countries to run wage labor businesses and earn money, but if they live in the country, they must follow the laws of that country. butBeing a citizen of Kailash Sirahia's descendants and running it as a media owner, it is possible to give permission to do black business and sell information in the name of democracy and democracy...? The media operated by Sirehia is above the law of Nepal.....? Can the law give exemption to media? Kailash Sirahia has also bought the respected Supreme Court, the character assassination of the innocent man who did backmail has been done by Kantipur media, Kailash Sirahia is a traitor, prose.,,,,,, [ i thank  the  government  of Nepal 🇳🇵","0","Jiven Chhetri",
"नागरिकताको केशलाई प्रेस स्वतन्त्रता संग दाज्न मिल्दैन हो कान्तिपुरका झोलेहरू ।।।।","0","Laxmi Narayana",
"प्रेस माफिया देश को सार्बभौमसत्ता लाई कसरी  खुइल्याउन सकिन्छ भनेर अहोरात्र कटिने कान्तिपुर लाई देश बाट लखेटिएन भने भाबी पुस्तालाई अझै खतरा छ","0","छेत्री राज",
"पाटिका ऋोलेहरु आचि खाओ","2","Madhu Pokhrel",
"दलालहरूको जमात ..","0","Suresh Shrestha",
"We hate kantipur and Kailash","0","Bijay Syangabo Tamang",
"Band kantipur","0","सुनिश्चित खतिवडा",
"देस द्रोही खान्तिपूर 
मुर्दाबाद","0","Yadav Mainali",
"बाहिर का दलाल पत्रकार हरु लाइ किन चासो हाम्रो  देशको मामिला","0","Devi Prashad Kharel",
"फटाहा मिडिया","1","Laxu Karki",
"Good luck Rabi dai 🍀","0","Manish Ghimire",
"कसरी बन्यो निर्दोष?

 ३ वटा नागरिकता, अङ्गीकृतको छोरासँग वंशजको नागरिकता । त्यही आरोपमा अनुसन्धान गर्न पक्राउ गर्दा प्रेस स्वतन्त्रता हनन् ? कि कान्तिपुरको साहुले जे अपराध गर्न पनि छुट हो ? कि उनी माथि अनुसन्धान गर्नै नहुने हो ? जसलाई आफ्नै (असली) नागरिकता कुन हो भन्ने समेत थाहा छैन, उनलाई मिडियाको साहु भएकै कारण जोगाइदिनुपर्ने ? अचम्म छ","1","Rajib Thapa",
"Rip jhole media","0","Last King",
"सिराेहिया बिस्वप्रसिद्ध बेकुब हाे।भारतीय कंग्रेस र नेपाली कंग्रेसकाे याे टट्टुकाे बुद्धि प्राय शून्य देखिएकाे छ।पत्रकार भएर गृहमन्त्री संग बारबार जाेरी खाेज्ने यसकाे हैसियत के ? हेर सिराेहिया ! यी गृहमन्त्रीले राजनीतिमा पसेर भ्रष्टाचार गरेकाे छैन।प्रधानमन्त्री र उपप्रधानमन्त्री भ्रष्टाचारमा नमुछिएकाेले नैतिकता उच्च छ।त्यसैले तिमिजस्तालाई किनारा लाउन गाराे पर्दैन। अन्यदलका नेताकाे भए तिम्राे तागत पुग्थ्याे यसमा पुग्दैन।सारा जनता प्रधानमन्त्री र गृहमन्त्रीकाे पक्षमा छन्।","0","Ramanath Dahal",
"यो चोर मिडिया हो","1","Khagendra Bhandari",
"किर्ते हरुलाइ कट्टा हान सरकार","0","Gokarna Bhattarai",
"https://www.diyopost.com/05/138273 rishi ji KO kanda link😊","0","Dipesh Khatri",
"देश मा आतंककारी भ्रम न्युज फैलाउने आतंककारी कान्तिपुर टिम लाई जेल हाल् सरकार कसैलाई न छोड।","0","Ramesh Dahal",
"सिरोहिया अध्यक्ष हो एउटा फटा सस्था को","0","Mahesh Khati",
"तेराे भारतिय धाेती साहु लाई भारत तिरै पठा कान्तिपुर फटाहा","1","Som Gurung",
"eKantipur ra sirohiya  Nepal ra Nepali janata lai chaidina!  
Press nafiya birudda yek haw !","0","Jitu Jung Chhetri",
"नागरिकता किर्ते गर्ने डाँकालाई जेलमै सडाउनुपर्छ !","0","Purna Khadka",
"Kun thau bat biirodh ako ho utai pathai diu nagrikta kirte gareko ma hadai sammako karbahi hunu parxa","0","Durga Bohara",
"Boycott kantipur Boycott kantipur Boycott kantipur Boycott kantipur Boycott kantipur Boycott kantipur Boycott kantipur Boycott kantipur Boycott kantipur Boycott kantipur Boycott kantipur Boycott kantipur Boycott kantipur Boycott kantipur Boycott kantipur Boycott kantipur Boycott kantipur Boycott kantipur Boycott kantipur Boycott kantipur Boycott kantipur Boycott kantipur Boycott kantipur Boycott kantipur Boycott kantipur Boycott kantipur Boycott kantipur Boycott kantipur Boycott kantipur Boycott kantipur Boycott kantipur Boycott kantipur Boycott kantipur Boycott kantipur Boycott kantipur Boycott kantipur Boycott kantipur Boycott kantipur Boycott kantipur Boycott kantipur Boycott kantipur Boycott kantipur Boycott kantipur Boycott kantipur Boycott kantipur Boycott kantipur Boycott kantipur Boycott kantipur Boycott kantipur Boycott kantipur Boycott kantipur Boycott kantipur Boycott kantipur Boycott kantipur Boycott kantipur Boycott kantipur Boycott kantipur Boycott kantipur Boycott kantipur Boycott kantipur Boycott kantipur Boycott kantipur Boycott kantipur Boycott kantipur Boycott kantipur Boycott kantipur Boycott kantipur Boycott kantipur Boycott kantipur Boycott kantipur Boycott kantipur Boycott kantipur Boycott kantipur Boycott kantipur Boycott kantipur Boycott kantipur Boycott kantipur Boycott kantipur Boycott kantipur Boycott kantipur Boycott kantipur Boycott kantipur Boycott kantipur Boycott kantipur Boycott kantipur Boycott kantipur Boycott kantipur Boycott kantipur Boycott kantipur Boycott kantipur Boycott kantipur Boycott kantipur Boycott kantipur Boycott kantipur Boycott kantipur Boycott kantipur Boycott kantipur Boycott kantipur Boycott kantipur Boycott kantipur","0","Bhu Waan",
"यो कान्तिपुर बन्द भएपछि नेपालमा बल्ल प्रेस स्वतन्त्रता सुरु हुन्छ","1","Anup Rai",
"दलाल हरु","1","Kailash Dhamala",
"Timro malik desh drohi ho","1","Samir Rai",
"रोएर काम छैन भाईसाला हो कानुनतः कार्वाही अगाडी जो बढेको छ !!","1","K-shav B-st",
"सबै दलाल झोले मेडिया हुन","1","Bigreko Manxe Ma",
"फेक न्युज ।।।","0","Iman Jung Baniya",
"तेरो सिरोहिया कुकुर नेपाल लाई चाहिदैन  भारत तिर लगेर जा दलाल मिडिया","1","Peshal Thapa",
"दरबार भन्दा बलियो रहेको मिडियाको खोलमा माफियाहरुको समानान्तर सत्ता हो।","0","Basudev Adhikari",
"Yo kantipur lai nai band garda kaso hola Nepal ma , #ignore kantipur","0","Subash Katawal",
"Ti antarastriya sanstha harule Siroiya ra tinka saka santaan bidesh mai lage huncha.  Nepali janta lai chahidaina testa bidesi dalaal.","0","Anup Pandey Chhetry",
"प्रेश संग सम्बन्धित नै छैन व्यापारी संग हो।","1","Pdl Prakash",
"कान्तिपुर रअ को एजेन्ट हो - कान्तिपुर सिरोहियको स्वार्थ परिपूर्ति गर्ने blackmeling कम्पनि हो - प्रतिसोधा र पुर्बग्राही समाचार मात्र छाप्ने कान्तिपुर मिडिया group लाई बहिस्कार गरौ
कान्तिपुर इन्डिया को मिडिया hause हो 
गो ब्याक इन्डिया
पुरै मिडिया कैलाश सिरोहियको कब्जामा छ 
इन्डिया को जासुस मिडिया कान्तिपुर 
गो ब्याक इन्डिया
लामिछाने को काण्ड मात्र देख्ने कान्तिपुरले उसको गोठाले नेता र पाटी को काण्ड किन छाप्दैन,
जनार्दन शर्माले नेपाल स्टक इक्सचेन्ज को लाइसेन्स नदिदा उसलाई सिध्याउन स्वार्थको समाचार 
रबी लामिछाने ले कान्तिपुर को कर्तुत नंग्याउदा 
प्रतिसोध को friquently समाचार 
अजय सुमार्गी लाई लक्षित समाचार 
सबै सिरोहियाको blackmailing 
गर्ने कम्पनि हो कान्तिपुर","0","Aakash Poudel",
"ए, चुप न हौं अब त।
चल भक।🤣","0","Raii Pawan",
"हामीलाई लाग्ने कानुन त्यसलाई लाग्दैन कि ठुला बडाको कानुनी अर्को हुन्छ","1","Dipak Dhungel",
"कान्तिपुर नेपालको लागि घातक छ तेहि भएरा बैइस्कार गरौउ😁😁","0","Mahendra Gc",
"Chor kukur haru paisa MA bikne khate chor vartchari haru","0","Rajesh Ghimire",
"पहिला कान्तिपुर ले जन्ता को अभिमत बटुल्नु पर्यो, देस मा केही गर्छु भनेर आयको ब्य्क्ती क खेदी नखन्नु","1","छुचारा प्रशान्त",
"माइला भाई के समाचार लेखन पर्दैन 8 लाख 50 हजार को , कति हावा पोष्ट मात्र गरिरहेको नेपालि ले त कमेन्ट गर्न मात्र आउनेहो विस्वास कसैलाई छैन कन्तिपुर को

विदेशी मिडीयालाई  यति धेरै फुरसद छैन हावा र वकवास कुरा गरेर बस्न, साहै पिर लागेको हो भने उतै पढाईदेउ","0","Ramesh Bhandari",
"Money is Power, power 💥 is money 💰.","0","Dipesh Limbu",
"किर्ते  नागरिकता मा पक्राउ  पर्ने ,,प्रेस  स्वतन्त्रता  भन्दै उफ्रि रहेछ स्वाँठ  हरू","0","Narayan Prasad Ghimire",
"यस्को मालिकलाई अझै थिन सरकार","0","Tiluck Magar",
"Nispaxhya patrakarika ko dhabba haru hau timi haru.","0","Santosh Gurung",
"भारतीय दास हरुको रुवाबासी छ","1","Kiran ThapaKazzii",
"Kanun vanda Mathi kohi xain 
Yadi apradhi hun vane karvai hunai parxa
Sarkar le Kasai ko kuro sunn vayan","0","Shyam Giri",
"DOCTOR Durga prasaiko vanja vanne aviiyanta pakrau pareko x","0","Grg Ganga",
"Press pakreko haina ..byakti pakreko ho.....kina tauko dukhai aru lai","0","Puspa Khatiwada",
"रिहाइ नो","1","Radhakrishna Bhattarai",
"बंगलादेश बाट भारत हुदै नेपाल छिरेको मान्छे लाई जन्मभूमि फर्काउनु पर्छ","1","Ranjit Dhungel",
"अब श्रीलन्का को जस्तै जनता नजागे सम्म एजेन्ट हरु को पत्ता साफ हुदैन !","0","Thapa Manoj",
"Mafia Lai samaunu thulo kura ho ra?
Rajya vaneko sabaiko lagi ho!
Rajya le Sahi gareko xa 3 wota nagarikta dhari bideshi Lai pakrera","0","भट्टराई विश्व",
"Chupp kar","0","Uddhab Thapa",
"प्रेस , संचार माथी हस्तक्षेप होईन नागरिकता किर्ते गरेको तेरो बाउ ले लेख खाते पत्रुकार///","0","Raju Chaudhary",
"Aba kantipur media kharej gariyos yo Indian media ho India pathaiyos","0","Umesh Tamang Lama",
"Ani nagrita case ko k garne tw pagal haru manxe ko name maa janawor haru","0","Ramesh Khadka",
"एक बिदेशीले नेपाली बंशजको नागरिकता पायको कुरा छ यस्तो गम्भीर कुराको कुनै चर्चा छैन। बाउको अंगीकृत नागरिकता छोराको कसरी बंशज भयो एउटा गम्भीर कुरा मोडेर अर्को कुरामा जोडनु पनि कार्वाहीको भागीदार हुनु पर्ने हो बिडम्बना हाम्रा चोर नेताहरु ले 33,34 बर्ष देखि सरकारमा रहेर पनि यस्ता नचाहिने कुरा छापने लाई पनि कार्वाहीको डायरामा ल्याउन नसक्ने कानुन बनाउन नसक्नु ठुलो कमजोरी हो।अहिले नया भर्खरै आयको पार्टीले देश नै बिगारे जस्तो गर्छन् त चोर पत्रकार अनि चोर नेताहरु","0","Govinda Chapagain",
"नागरिकता किर्ते गरेको अभियोग मा पक्राउ परेको छ अनि भ्रान्तिपुरे ग्याङ हरु प्रेस माथि हमला भो भनेर रोइलो गर्दै दिउसै रात पार्ने प्रयास गर्दै छन। के प्रेस मा आबद्ध मा हुने बितिकै जे अपराध गर्न नि छुट पाउनुपर्ने हो कि के हो? हैन भने कानुनसम्मत पक्राउ गरेको कुरामा के को रोइलो?","0","Dwarika Prasad Siwakoti",
"हाक्थु तेरो पत्रकारिता  कान्तिपुरलाई नेपालिले बहिष्कार गरिसकेउ","0","Ryan Chamling Rai",
"Press mafiya birudda yek haw nagrikta kirty gareko ma sirohiya lai desh nikala gari afnai desh India pathau  !","0","Jitu Jung Chhetri",
"Sirohiya- Nepal ra Nepali ko Shatru .... Jaha vetyo tyahi thoknu","0","Machhindra Nepali",
"कान्तिपुर साला देस्द्रोही देसको दलाल मुलालाइ गोलि ठोक प्रचन्दे","0","Resham Pyasi Magar",
"घन्टाको स्वतन्त्र कहाँ छ स्वतन्त्र?कांग्रेसले चलाएको मिडिया स्वतन्त्र?stop yours nonsense😡😡😡","1","John Shahi",
"यसमा प्रेस स्वतन्त्रता चाई का बाट आयो???","0","भारद्वाज नेत्र",
"नक्कली काम गर्नेलाई पनि नबुझि समर्थन दिएको देखाउन पत्रिकाको नक्कली हर्कत","0","Nirmal Stha",
"11 भाइ हरुकाे रुवाबास छ","0","Mohankhatri Khatri",
"Siroya doshi vaye kda karbahi hunai parxa !","0","Bishnu Limbu Xetry",
"बिदेसी मिडिया लाई नि घुस दिइ सकेछ।","1","Suraj Regmi",
"Jetha bhailai jail pathaunu parcha","0","Tsering Dorjee",
"जसले जे भने पनि इ नेता हरुले पैसा मा बिकेर केहि दिन पछि धरौटी मा छुटेर जान्छ के सिरोहिया लेखेर राख्नु🤣","0","Hanccy AanG",
"नागरिकता किर्तेमा समातियको हो,,अनि कहाको प्रेस स्वतन्त्रताको हन्न भयो,,दुनियालाई भ्रम छरेर हुन्छ,,,कि कमपनिको मालिक भन्दैमा जे कसुर गरेपनि छुट दिनु पर्ने?","1","Raj Bajgain",
"Radaban haru","0","Prakash Bhatta",
"Yo Chor dalali Indian dhotilai India lakhatan parx","0","Umesh Tamang Lama",
"नाटक","0","Min Adhikari",
"bhitra hereko ta sabai nepal chapter rey.,.,","0","Padma Raj Sigdel",
"N runu babu n runu","0","Kabiraj Dhakal",
"Des ko dhamira blackmailer lai sajaya deu","0","Dipendra Timsina",
"यो देशको जिउदो छोरो रबि दाई ❤️❤️❤।  रबि र बालेन मिलेर हर्क दाइ पनि साथमा लिएर यो देश बनाम ! 
राजाले समेत नसकेको किर्ते बिहारी सिरोहियालाइ समातेर कानूनी उपचार गर्नु भएकोमा ❤️❤️❤️
रबि दाइ एउटा गृहमन्त्रि हुदा यिनीहरुको सातो गएको छ ! अब बालेंन र हर्क पनि आउदा कति राम्रो हुने थियो !","0","Colorado Talks",
"अब गयो जेलमा तिम्रो मालिक नागरिकता छानबिन मा😜","1","Hari Bhandari",
"थुक्क पत्रुकार को नाममा कलंङ्गक यस्लाइ सरकार ले छोडे जन्ताले ठोक्नु पर्छ अब","1","Kamal Kc",
"मिडिया सबै चोर हुन  सिरोहिया   नेपाली  कांग्रेस को हो   धमला आठ लाख पचास  हजारबिदेस पठाई दिने भनेर सोझा गरिब जनताको पैसालुटने लाई जेल मा सडाउनु पर्छ  काजु   बदाम लाई🤣","0","Tanka Bhattarai",
"Timra bharatiya malik ko gungan gaira kahile pani nathakne vayeu timi haru","0","Jageshwor Khadka",
"भारतीय दलाल हरुको एउटै स्वार कैलाश शिरोहिया लाई छोड
 नेपाललाई माया गर्नेहरुको एउटै स्वार कान्तिपुरको मालिकलाई सधाको लागि खोरमा हाल्देउ 😄","0","Bivash Panta",
"Sidhakura ko ""The Dark File"" banda garauda kaha thyo timi haru ??","0","Kishor Shrestha",
"मालिक थुनिएपछि छेराउटी लाएको बच्चाले पातलो दिसा बगाए झैँ छिनछिनमा सरापेका छन् त घरमन्त्रीलाई 😃😄😅 |","2","Anirwachaneeya Aatma",
"दलालहरु😡😡","0","Saa G AR",
"patrakarita hoina yo dalali ho","0","Acharya Ganesh",
"माग गराएको होला हौ। कान्तिपुर कस्तो थियो कलाकार राजाराम पौडेल लाई सोध्नु","0","Amir Mabo",
"कान्तिपुर को मालिकलाई पो प्रकाउ गरेको उनी त एक ब्यावासाहिक ब्यापारी हुन तर तेहा कार्यरत श्रमजीवी प्रत्रकारलाई धरपकड गरेको पक्राउ गरेको त हैन के को सोतन्त्र प्रेस हो ? नचाहिने कुरा ए तिम्रा मालिकले 2 नागरिक्ता किन बोकेका  किन ?नबोकेको भएत आज फन्दामा प्रथेनननि हैन र ?","1","Tiwari Gyan Prasad",
"जाे चाेर उसकै ठुलाे स्वर","0","Nirajan Bohara",
"Ani timra bau dhoti lai ni nepali manay ra desh lutairahanu parnay haina ta kai naboli kai nagari","0","Kishan Bhattarai",
"गायो कान्तिपुर भारतको राजेस्थान तिर 
भारतीयालाई नेपाली नगारिकता पाईन्छ ?
कालो काङ्ग्रेस आफ्नो ईमान बेच्दै  बस्","1","Aising Tamang",
"कान्तिपुर बहिस्कार गर्नु पर्छ अब","0","Nabin Khadayat",
"Yo kantipur lai unfollow garnw paryo 🙄jhau lagayo yesle","0","Ganesh Khanal",
"Sala chor ho sabai press","0","Kamal Thapa Magar",
"थु कान्तिपुर","0","Gk Gk",
"निस्पक्ष अनुसन्धान हुन नदिनु नै गल्ति हो भन्ने वुझिन्छ","0","Kala Trital",
"Aru ta tyestai ho Nepali kangresh ko roilo dekhda maya lagyo aba aune chuneb ma badarinu parxa 😂","0","Basnet Jiban",
"को को हुन देशद्रोही सबै ले चिनेर एक एक हिसाब राखौ पछि समातेर चुट्ट सजिलो हुनेछ हिचाडाहरु","0","Sunil Adhikari",
"रवि बाट परिचालित हुन इन्द्रजीत महतो.. पूर्वाग्रह बाहेक केइ होइन","0","Rance Mehata",
"Unfollow kantipur अभियान सफल पारौं","0","Tika BC",
"Dar dekhayeko jasto cha madey ley","0","सुनिश्चित खतिवडा",
"दुइ अलग अलग नम्बरका नागरिकता बोक्ने अनि के के आरती गरेर तिलक पाति लगाउनु पर्ने हो  कानुनको उल्लङ्घन गर्नेलाई????","0","Chandra Mishra",
"hal hal, lakh choti hal yei news","0","Mishan",
"कांग्रेस लगायत पुराना पार्टीहरु त्यसका नेता,कार्यकर्ता तिनिहरुको झोले पत्रकार,वकिल,डाक्टर,प्रध्यापक कथित नागरिक समाजका कुरा सुन्दा यस्तो लाग्छ यो देशमा पुराना पार्टीहरुले गणतन्त्र ल्यायकोले प्रधानमन्त्री गृहमन्त्री उनिहरु मात्र बन्न पाउनु पर्छ नया पार्टीहरुलाई खारेज गर्नु पर्छ ! यदी जनताले जितायर पठाय भने आन्दोलन गरेर काम गर्न अबरोध गर्नु पर्छ भन्ने अति दरिद्र मानसिकता देखिन्छ ! अरु त अरु भारतीय मुलका नेपाली कैलाश सिरोहियाले समेत हामिले गणतन्त्र ल्यायकोले हाम्रो कुरा सबैले मान्नु पर्छ भनेर खुला हुकार गरेका छन !","0","Stha Suresh",
"1000 % hayo boda","0","Rijan Purbeli",
"तेरा बाउ रिहाई","0","Gopal Poudel",
"खाते साला हरु कैलास सिरोहिया को नागरिकता दुइटा भयर पक्राउ परेको हो साला प्रेसप्रती कसरी हमला भयो","0","Shrestha Jiban",
"भारतिय दलाल कान्तिपुर मिडिया","0","Rabi Saport",
"#हाम्रो देशका पत्रकार देखेर अचम्म लाग्छ #
कान्तिपुरका अध्यक्ष कैलाश सिरोहियालाई नागरिकता किर्ते सम्बन्धि विषयमा पक्राउ गरेको हो अनि प्रेस स्वतन्त्रता माथीको हमला चाहिँ कसरी भयो ?
अचम्म छ बा ।","0","Binod Sharma",
"भारत सरकारले के भने?कि बाकी छ बोल्न?","1","PREMII SACHIIN",
"भ्रमको खेती कतिन्जेलसम्म गर्छ्स् कान्तिपुर मालिक  !? जति ढाकछोप  गर्न खोजेपनि तिम्रो कालो करतुतको पर्दा हटिसक्यो सिरोहिया महाराज !","0","Dilli Phejong",
"परिचालित हरु को डिङ !!","0","Himal Regmi",
"boycitt Lhenduo news paper","0","Ravi Sharma",
"तिमार ले नै जबर्जस्ति गर्न लगायको होला नि","0","Debendra Raj Bk",
"अब कन्तिपुर मिडिया को जति छन नेपालबाट  खरेजी गर्नु पर्छ  भारतको गुप्तचर सस्था हो","0","Biru Thapa",
"दलालको बच्चाबच्चीको रूवाई अझ बन्द भाको छैन","0","Nabin Gurung",
"स्वातन्त्र प्रेसको कुरा हैन होला नि यहाँ त अपराधको कुरो छ त","1","Khadga Devkota",
"पत्रकार भन्दै पत्रकारीताको बदनाम भयो  
सिरोहिया पत्रकार हो भन्दा","1","Pradeep Sapkota",
"चोर मुजिहरु","0","Tejendra Shahi",
"Sirohiya Patrakar ho vane 
Prasai pani doctor ho","0","Manish Poudel",
"गेडा को रिहाइ मुला","0","Bikash Thapa Magar",
"ये कान्तिपुर 100 मा99.9% जनता तेरो विपक्ष मा छन् र पनि त नसुध्रने हो?
यदि हो भने त अब को केही समय मा सकिन्छस","0","Suresh Pal",
"Yadi  Satya sabit vaye Kantipur TV HD  banda garna parcha  athaba malik jel janaparcha 🤔🤔🤔","0","Bhim Tamang",
"थुक्क २ ओटा  नागरिकताको किर्ते थाहा छैन तलाई मू***जी जे पनि लेख्छस् विचार गर नेपालको बरेमा लेख्ने कुन हो यसलाई कसले भन्यो कुन चोर हो त्यो पाता कसेर रोड मा लागेर घिसार त्यसलाई","0","Ganesh Lamichhane",
"रुन कराउन बन्द गर","0","निभेको उज्यालो",
"म त यो कान्तिपुरको समाचार ले दङ्ग दास परे बा।","1","Bodh Raj Lamsal",
"तिमीहरूकाे मालिकले जे गर्दा पनि हुने हाे?
मान्छे मार्न पनि पाईने,किर्ते नागरिकता पनि बनाउन पाउने 
देशद्रोही काम गर्न पबि पाइने...रूनु पर्दैन भाइ हाे","0","Kamala Ko Kanchho Chhora",
"Rip Kantipur midia Ghut ko kheti garni midia ra dalal ko midia!!!!!???","0","Hockey Raul",
"नेपाली काङ्ग्रेस ले रवि लामिछाने लाई डेढ बर्ष प्रधानमन्त्री को अफर गर्दा अस्वीकार गरेपछि त्यसको भोलिपल्टै देखि नै साम्सदिय छानबिन को माग राखेर साँसद अवरोध गर्नु  उता बाट कान्तिपुर ले लगातार रविकै विरुद्ध फेक न्युज सम्प्रेषण गर्नुले के बुझिन्छ भने काङ्ग्रेस भारतीय दलाल हो भन्ने कुरा त सबैलाई थाहा भएकै कुरा हो तर पनि अझ मजबुत रुपमा उभ्याउन लाई गोठालो को रुपमा कैलाश सिरोइया लाई पठायो र नेपाल को नागरिकता लिन लगायो र  मिडिया को नाममा भाडभैलो मचायो सिर्फ नागरिकता मात्रै नेपाल को काम चाहिँ ईन्डिया को गरिरह्यो एउटा मिडिया को मान्छे समातिदा पुरै पोलिटिक्स नै हल्लिने भनेपछि कति खतरा रहेछ कैलाश भारतीय ।","0","AB Karma",
"पहिला तेरो बाउको नागरिता सहि गरेर आ मुला","0","Yam Prasad Khadka",
"दरबार हत्याकान्ड हुदा नेपाली मेडिया सब बन्द गरेर international press मा झुटो हल्ला फुक्नी।
अहिले हामी प्रेसको अडिगमा किन रहने /कतै यी सबैको मेलो मत्तो त थिएन।Durbar Hatya Kamnda २०५८","0","Gagan Budhathoki",
"Kantipur ko bau lai fasi denu rip chor kantipur","0","Govinda K C Don",
"यदि मिडिया अदालत हो भने हामीलाई किन अदालत चाहियो। तिनीहरूले त्यहाँ आफ्नै निर्णय गर्न सक्छन् र तिनीहरूको विरुद्ध बोल्ने जो कोही दोषी बनाउन सक्छन्।","0","Ishwor Banjara",
"प्रतिशत त कान्तिपुर ले गरिएको छ","1","Pasang Cerpa",
"अब जेल तिरै कुहिने भो तेरो बाउ","0","Kushal Poudel",
"ए कुकुरहरु यो पक्राउ प्रेस सम्बन्धि होईन नागरिकता सम्बन्धि हो बुझेर पनि किन अबुझ हुन्छौ","0","Graby Smith",
"खुलित्तै पारिस 🤣🤣🤣","0","소년혼자",
"जति रोएनी हुने वला केही छैन eKantipur","0","Nrn Jung Kunwar",
"छी मलाई वाक्क लाग्यो ! यिनिहरुलाइ सही कुरा किन भनियन !","0","Keshab Raman",
"न खोकौ होला","0","Kumar Paudel",
"तेरो स्वतन्त्र प्रेस भनेको कैलाश सिरोहियाले ठगिको सिन्डिकेट चलाउनु धमलाले जापान पठाउछु भनेर 8 लाख ठग्नु यहि हो? अब सबै जेलमा दाल रोटि खान ठिक्क पर्दा हुन्छ","0","Ashesh Thapaliya",
"अब कस्ले पट्याउनु यो कान्तिपुरको कुरा ?","0","Nabin Magar",
"त जस्तो पत्रिका बन्द भाको दिन देखि द्शले तरकी गर्छ","0","Dambar Giri",
"! बिहारीको किर्ते नागरिकताको लागि आन्दोलन !!
नेपालको दानापानि खाएर भारतको गुलामी गर्ने कांग्रेस लाइ चिनौ ! ३ वटा किर्ते नागरिकता लिने बिहारी- भारतीय अपराधी माथिको कारबाही हो !","0","Colorado Talks",
"तेरो साहु लाई किन समातेको थाहा छ कि नाई नेपाली नागरिता दुरुपयोग गरेर हो है!","0","Govinda Mishra",
"eKantipur
कमेन्टहरु हेर्दा त, अधिकांसले कान्तिपुरलाई गाली गरे जस्तो लाग्यो नि!","0","Arjoon Ssony",
"ए कसैले त राम्रो भन्देउ यार्🤣🤣","0","Navin Khanal",
"Aba tah eKantipur sato gaye jasto gaye xa","0","Shreedhar Gahatraj",
"pakh na pakh  jel janai xa 
aaile kina roii karai hl","0","Yubaraj Thapa",
"अपराधीलाई जोगाउन खोज्ने झन महा अपराधी हुन","0","ज्वाला क्षेत्री",
"खोजी खोजी आफ्नो पक्षमा बोल्न पठाउने शक्ति प्रदर्शन गरिराछ खुब","0","Deveet Tamu",
"https://www.facebook.com/groups/169703053578098/permalink/1615461785668877/?mibextid=9idTr45qYp7jtedz","0","शुक्र लामा",
"https://www.facebook.com/share/p/Xa8F6bfdz3RTgt3r/?mibextid=oFDknk","0","Akash Shah",
"https://m.facebook.com/story.php?story_fbid=1000140931528432&id=100002423708771&mibextid=WC7FNe","0","Subodh Niroula",
"https://www.facebook.com/share/m3nWgpLox2yTBXbf/?mibextid=oFDknk","0","Binod Pokhrel",
"https://vt.tiktok.com/ZSYYN1eCo/","0","Tej Kumar Gurung",
,"0","Megha Basnet Pradhan",
"😂","0","Omkar Bist",
"Fake news","0","Amit Kandel",
"#backoffindian","0","Naba Sand",
"The most recent study 📚 in a study 📚 published last month in Proceedings on Climate in Nature suggests a rise to sea 🌊 ice 🧊 and ice 🧊 temperatures","0","Ganga Ghalley",
"कैलाश सिरोहिया अपराधी हो। हदै सम्मको कारवाही हुनुपर्छ।
नागरिकता किर्ते गरि दुरुपयोग गरेको मुद्दामा नेपालको प्रेस स्वतन्त्रता जोडिँदैन।","1","Hom Bahadur Karkee",
"स्वतन्त्र न्यायालयको पक्षमा हौं भन्नेले नै सिरोहिया अदालतको अनुमतिमा पक्राउ परेका हुन् भन्ने तथ्य लुकाएर भ्रम छरिरहेका छन् ।

सञ्चारमाध्यमले पत्रकारिताको दुरुपयोग कुन हदसम्म गर्छन्, आफूलाई फाइदा हुनेमात्र सूचना कसरी प्रवाह गर्छन् र अघोषित ‘सिन्डिकेट’ कसरी खडा गर्छन् भन्ने तथ्य कैलाश पक्राउ प्रकरणमा फेरि छताछुल्ल भएको छ 

किर्ते नागरिकता र प्रेस स्वतन्त्रता बीच गोरु बेचेको साइनो पनि छैन: कान्तिपुरका दासहरु रुनु हास्यास्पद !!
#copied","1","Bishnu Prasad Adhikari Upadhyaya",
"कम्मेन्ट हेर्दा ९९% नेपाली जनता यो कान्तिपुर को विरुद्ध छन","0","Dilli Ram Dahal",
"स्वतन्त्र न्यायालयको पक्षमा हौं भन्नेले नै सिरोहिया अदालतको अनुमतिमा पक्राउ परेका हुन् भन्ने तथ्य लुकाएर भ्रम छरिरहेका छन् ।सञ्चारमाध्यमले पत्रकारिताको दुरुपयोग कुन हदसम्म गर्छन्, आफूलाई फाइदा हुनेमात्र सूचना कसरी प्रवाह गर्छन् र अघोषित ‘सिन्डिकेट’ कसरी खडा गर्छन् भन्ने तथ्य कैलाश पक्राउ प्रकरणमा फेरि छताछुल्ल भएको छ किर्ते नागरिकता र प्रेस स्वतन्त्रता बीच गोरु बेचेको साइनो पनि छैन: कान्तिपुरका दासहरु रुनु हास्यास्पद !!cp","1","Dlight Bake",
"कान्तिपुर मिडियालाइ रोक लगाइयोस सरकार 🙏","1","Shiba Lamsal",
"कैलाश सिरोहिया अपराधी हो। हदै सम्मको कारवाही हुनुपर्छ।
नागरिकता किर्ते गरि दुरुपयोग गरेको मुद्दामा नेपालको प्रेस स्वतन्त्रता जोडिँदैन।","1","Gobinda Kandel",
"स्वतन्त्र न्यायालयको पक्षमा हौं भन्नेले नै सिरोहिया अदालतको अनुमतिमा पक्राउ परेका हुन् भन्ने तथ्य लुकाएर भ्रम छरिरहेका छन् ।

सञ्चारमाध्यमले पत्रकारिताको दुरुपयोग कुन हदसम्म गर्छन्, आफूलाई फाइदा हुनेमात्र सूचना कसरी प्रवाह गर्छन् र अघोषित ‘सिन्डिकेट’ कसरी खडा गर्छन् भन्ने तथ्य कैलाश पक्राउ प्रकरणमा फेरि छताछुल्ल भएको छ 

किर्ते नागरिकता र प्रेस स्वतन्त्रता बीच गोरु बेचेको साइनो पनि छैन: कान्तिपुरका दासहरु रुनु हास्यास्पद !! Copy Paste","1","Tulashi Ram Poudyal",
"नागरिकता र पत्रकारिता एऊटै हैन I","0","Prabin Sapkota",
"नागरिकता र पत्रकारिता एऊटै हैन कान्तिपुर ॥॥ जेल कोच्नु पर्छ है","1","Deepak Shrestha",
"कैलाश सिरोहिया अपराधी हो।यस लाई कम्तिमा पनि १० बर्स जेल हाल्नुपर्छ","0","Mitra Aryal",
"कम्तिमा पनि १० बर्स जेल हाल्नुपर्छ","0","Kabir Thapa",
"स्वतन्त्र न्यायालयको पक्षमा हौं भन्नेले नै सिरोहिया अदालतको अनुमतिमा पक्राउ परेका हुन् भन्ने तथ्य लुकाएर भ्रम छरिरहेका छन् ।

सञ्चारमाध्यमले पत्रकारिताको दुरुपयोग कुन हदसम्म गर्छन्, आफूलाई फाइदा हुनेमात्र सूचना कसरी प्रवाह गर्छन् र अघोषित ‘सिन्डिकेट’ कसरी खडा गर्छन् भन्ने तथ्य कैलाश पक्राउ प्रकरणमा फेरि छताछुल्ल भएको छ 

किर्ते नागरिकता र प्रेस स्वतन्त्रता बीच गोरु बेचेको साइनो पनि छैन: कान्तिपुरका दासहरु रुनु हास्यास्पद !! Copy Paste","0","Bishnu Prasad Adhikari Upadhyaya",
"सिरोहिया हाम्रो देशलाई चाहिँदैन उतै लगेर पाले हुन्छ भन्दिनु यी बाहिरी संस्थाहरुलाई ।","0","Gokarna Bhattarai",
"यो देशको जिउदो छोरो रबि दाई ❤️❤️❤।  रबि र बालेन मिलेर हर्क दाइ पनि साथमा लिएर यो देश बनाम ! 
राजाले समेत नसकेको किर्ते बिहारी सिरोहियालाइ समातेर कानूनी उपचार गर्नु भएकोमा ❤️❤️❤️
रबि दाइ एउटा गृहमन्त्रि हुदा यिनीहरुको सातो गएको छ ! अब बालेंन र हर्क पनि आउदा कति राम्रो हुने थियो !","0","Colorado Talks",
"Rip eKantipur","0","राकेजबश शर्मा",
"! बिहारीको किर्ते नागरिकताको लागि आन्दोलन !!
नेपालको दानापानि खाएर भारतको गुलामी गर्ने कांग्रेस लाइ चिनौ ! ३ वटा किर्ते नागरिकता लिने बिहारी- भारतीय अपराधी माथिको कारबाही हो","0","Colorado Talks",
"! बिहारीको किर्ते नागरिकताको लागि आन्दोलन !!
नेपालको दानापानि खाएर भारतको गुलामी गर्ने कांग्रेस लाइ चिनौ ! ३ वटा किर्ते नागरिकता लिने बिहारी- भारतीय अपराधी माथिको कारबाही हो","0","Colorado Talks",
"Presh mafiya birudha ek jut hau .","1","ओम कार्की",
"Media mafia ko ghor bhratsana..","0","Kishor Shrestha",
"Media stunts","0","Shubham Kumar Gupta",
"Fata kantipur","0","Avijeet Jewellers Banepa",
"Fathaaa","0","Bishnu Dawadi",
"😁😁😁😁😁 hawa news😁😁","0","Bhim Chemjong",
"Ess","0","Suresh Jung",
